id;apellido;fechaHora
CITA-066;Cedeño;2025-03-01T10:40
CITA-065;Gutiérrez;2025-03-01T14:10
CITA-098;Delgado;2025-03-02T08:40
CITA-014;Cedeño;2025-03-02T10:40
CITA-064;Rodríguez;2025-03-02T15:30
CITA-071;Serrano;2025-03-07T09:30
CITA-025;Suárez;2025-03-03T11:40
CITA-051;Martín;2025-03-03T12:20
CITA-076;Pérez;2025-03-03T17:00
CITA-003;Palacios;2025-03-04T08:20
CITA-074;Gutiérrez;2025-03-04T08:50
CITA-038;Pérez;2025-03-04T14:50
CITA-057;Rubio;2025-03-05T08:10
CITA-013;Naranjo;2025-03-05T12:20
CITA-018;Álvarez;2025-03-05T13:50
CITA-083;Ramírez;2025-03-05T13:50
CITA-063;Jiménez;2025-03-06T09:30
CITA-043;Suárez;2025-03-06T10:20
CITA-019;Díaz;2025-03-03T09:50
CITA-058;Moreno;2025-03-30T10:10
CITA-047;Moreno;2025-03-07T15:30
CITA-041;López;2025-03-07T18:20
CITA-079;Ramos;2025-03-08T08:20
CITA-032;Hernández;2025-03-08T11:30
CITA-006;García;2025-03-09T11:30
CITA-072;Jiménez;2025-03-22T11:20
CITA-040;García;2025-03-10T12:30
CITA-095;Martín;2025-03-10T14:40
CITA-080;Delgado;2025-03-11T09:20
CITA-082;Gómez;2025-03-11T09:50
CITA-023;Cedeño;2025-03-20T09:00
CITA-067;Ramos;2025-03-11T13:50
CITA-001;Jiménez;2025-03-11T16:20
CITA-078;Ramírez;2025-03-13T08:20
CITA-012;Álvarez;2025-03-13T09:50
CITA-077;García;2025-03-13T11:10
CITA-094;Cedeño;2025-03-13T12:40
CITA-033;Rubio;2025-03-13T14:20
CITA-075;Fernández;2025-03-13T18:10
CITA-069;Blanco;2025-03-14T17:30
CITA-020;Ramírez;2025-03-14T18:30
CITA-049;Ramírez;2025-03-15T09:50
CITA-036;Díaz;2025-03-15T10:50
CITA-035;Martínez;2025-03-15T11:10
CITA-029;Naranjo;2025-03-15T12:00
CITA-052;Suárez;2025-03-15T16:10
CITA-048;Hernández;2025-03-16T10:30
CITA-099;Gómez;2025-03-16T14:20
CITA-004;Guerrero;2025-03-28T10:20
CITA-044;Torres;2025-03-17T09:30
CITA-088;Palacios;2025-03-17T10:10
CITA-037;Ramos;2025-03-18T08:50
CITA-100;Naranjo;2025-03-18T11:40
CITA-030;Sánchez;2025-03-18T14:30
CITA-046;Sánchez;2025-03-18T15:10
CITA-039;Torres;2025-03-18T17:10
CITA-034;Cedeño;2025-03-18T18:20
CITA-085;Romero;2025-03-18T18:20
CITA-009;Molina;2025-03-18T18:50
CITA-056;Delgado;2025-03-19T09:50
CITA-089;Rodríguez;2025-03-19T15:10
CITA-007;Fernández;2025-03-19T18:40
CITA-070;Ramírez;2025-03-20T08:40
CITA-031;Sánchez;2025-03-11T10:10
CITA-011;Gutiérrez;2025-03-20T09:10
CITA-024;Fernández;2025-03-21T11:30
CITA-010;Hernández;2025-03-21T18:00
CITA-008;Serrano;2025-03-22T08:00
CITA-005;Muñoz;2025-03-22T08:50
CITA-096;González;2025-03-22T09:10
CITA-055;Palacios;2025-03-10T11:10
CITA-097;González;2025-03-22T14:10
CITA-053;Moreno;2025-03-23T08:10
CITA-021;García;2025-03-23T08:20
CITA-016;Romero;2025-03-23T12:10
CITA-015;Rubio;2025-03-23T13:30
CITA-061;Ramírez;2025-03-23T13:40
CITA-022;Pérez;2025-03-23T16:00
CITA-042;Gil;2025-03-23T16:30
CITA-045;Hernández;2025-03-24T11:40
CITA-084;Torres;2025-03-24T12:20
CITA-028;Delgado;2025-03-27T17:40
CITA-086;Suárez;2025-03-27T18:00
CITA-093;Guerrero;2025-03-27T18:30
CITA-050;Suárez;2025-03-17T09:00
CITA-017;Moreno;2025-03-28T13:10
CITA-054;Gómez;2025-03-28T13:10
CITA-059;Cedeño;2025-03-28T14:30
CITA-092;Muñoz;2025-03-28T16:00
CITA-002;Jiménez;2025-03-29T09:20
CITA-090;Ramírez;2025-03-29T10:40
CITA-068;Gutiérrez;2025-03-29T17:00
CITA-026;Molina;2025-03-29T18:10
CITA-027;Vázquez;2025-03-07T11:20
CITA-091;Fernández;2025-03-30T18:40
CITA-062;Gómez;2025-03-30T18:50
CITA-060;Serrano;2025-03-31T08:00
CITA-073;Martínez;2025-03-31T10:00
CITA-087;Ruiz;2025-03-31T10:30
CITA-081;Serrano;2025-03-31T13:10
